{"cameraMode":{"drawMode":0,"name":"Shaded","section":"Shading Mode"},"sceneLighting":true,"audioPlay":false,"sceneViewState":{"m_AlwaysRefresh":false,"showFog":true,"showSkybox":true,"showFlares":true,"showImageEffects":true,"showParticleSystems":true,"showVisualEffectGraphs":true,"m_FxEnabled":true},"in2DMode":false,"pivot":{"x":1.5877466201782227,"y":-1.1931421756744385,"z":4.049902439117432},"rotation":{"x":0.08593080192804337,"y":-0.5135867595672607,"z":0.051789965480566028,"w":0.8521515130996704},"size":12.0526704788208,"orthographic":false}